<?xml version="1.0" encoding="UTF-8"?>  
<beans xmlns="http://www.springframework.org/schema/beans"  
  xmlns:context="http://www.springframework.org/schema/context"  
  xmlns:xsi="http://www.w3.org/2001/XMLSchema-instance"  
  xsi:schemaLocation="http://www.springframework.org/schema/beans  
    http://www.springframework.org/schema/beans/spring-beans-2.5.xsd  
    http://www.springframework.org/schema/context  
    http://www.springframework.org/schema/context/spring-context-2.5.xsd ">  
  
  
    <!-- SPRING MVC -->  

    <context:annotation-config/>  
  
    <context:component-scan base-package="com.amazon.aws.samplecode.travellog.web"/>  
   
    <bean class="org.springframework.web.servlet.mvc.annotation.DefaultAnnotationHandlerMapping"/>  
      
    
    <bean class="org.springframework.web.servlet.mvc.annotation.AnnotationMethodHandlerAdapter"/>  
      
    <bean class="org.springframework.web.servlet.mvc.SimpleControllerHandlerAdapter"/>  
      
    
    <bean id="viewResolver" class="org.springframework.web.servlet.view.InternalResourceViewResolver">  
        <property name="prefix" value="/WEB-INF/jsp/"/>  
        <property name="suffix" value=".jsp"/>  
    </bean>  
    
    
</beans>  